Dataset,Original_Size,Clean_Size,Real_News,Fake_News,Avg_Length
Training,10240,10240,5752,4488,103.437890625
Test,1267,1267,714,553,105.80662983425414
Validation,1284,1284,668,616,103.32398753894081
